-- ============================================================================
-- V2__seed_test_data.sql  —  DEV/TEST DATA ONLY. Never ship to production.
--
-- Loaded only when the active Flyway locations include classpath:db/seed
-- (dev profile). Production keeps locations=classpath:db/migration.
--
-- Conventions:
--   * 2 tenants with fixed public UUIDs:
--       Tenant 1: 11111111-1111-1111-1111-111111111111  (Wanderlust Holidays, Mumbai, PRO)
--       Tenant 2: 22222222-2222-2222-2222-222222222222  (Namaste Travels, Delhi, STARTER)
--   * Every user password is  Test@123  (bcrypt, strength 10, verified):
--       $2a$10$3ABUp2YJz/5frgIVV.Rw9eHqu2Wakv.fBMOD0qett8vs8wwYGMUBO
--   * Deterministic public_id prefixes per table:
--       users a0…, leads b0…, lead_itinerary c0…, bookings d0…,
--       notifications e0…, reminders f0…
--   * Explicit ids are used so FKs line up; identity sequences are
--     re-synced via setval() at the end of this script.
--   * super_admins is seeded below with same Test@123 password.
--   * city_master: tenant_id = NULL → global (all tenants); non-null → tenant-specific.
-- ============================================================================

-- ============================================================================
-- SUPER ADMIN (seed with same Test@123 password as all other users)
-- ON CONFLICT guard: DataInitializer may have already inserted this row;
-- update password so dev always gets Test@123 regardless of startup order.
-- ============================================================================
INSERT INTO super_admins (id, public_id, created_by, updated_by, created_at, updated_at,
                          name, email, password, enabled) VALUES
    (1, '12a7dd62-90a5-45a3-aae2-1c4b6564bb0a', 'seed', 'seed',
     '2026-01-01 00:00:00', '2026-01-01 00:00:00',
     'Super Admin', 'superadmin@travelcrm.com',
     '$2a$10$3ABUp2YJz/5frgIVV.Rw9eHqu2Wakv.fBMOD0qett8vs8wwYGMUBO', TRUE)
ON CONFLICT (email) DO UPDATE
    SET password   = EXCLUDED.password,
        updated_at = now(),
        updated_by = 'seed';

-- ============================================================================
-- TENANTS (2 — fixed UUIDs)
-- ============================================================================
INSERT INTO tenants (id, public_id, created_by, updated_by, created_at, updated_at,
                     organization_name, organization_code, email, phone, address,
                     plan, status, subscription_start_date, subscription_end_date, max_users) VALUES
                                                                                                  (1, '11111111-1111-1111-1111-111111111111', 'seed', 'seed', '2026-01-05 10:00:00', '2026-01-05 10:00:00',
                                                                                                   'Wanderlust Holidays Pvt Ltd', 'WANDERLUST', 'info@wanderlustholidays.in', '+91-9820011000',
                                                                                                   '402, Trade Centre, Bandra Kurla Complex, Mumbai, Maharashtra 400051',
                                                                                                   'PRO', 'ACTIVE', '2026-01-05', '2027-01-04', 20),
                                                                                                  (2, '22222222-2222-2222-2222-222222222222', 'seed', 'seed', '2026-02-10 11:30:00', '2026-02-10 11:30:00',
                                                                                                   'Namaste Travels', 'NAMASTE', 'info@namastetravels.in', '+91-9810022000',
                                                                                                   '12, Connaught Place, New Delhi, Delhi 110001',
                                                                                                   'STARTER', 'ACTIVE', '2026-02-10', '2027-02-09', 5);

-- ============================================================================
-- USERS (15 — tenant 1: ids 1-10, tenant 2: ids 11-15; all passwords Test@123)
-- ============================================================================
INSERT INTO users (id, public_id, created_by, updated_by, created_at, updated_at,
                   tenant_id, full_name, email, password, role, phone_number, is_active) VALUES
                                                                                             (1,  'a0000000-0000-0000-0000-000000000001', 'seed', 'seed', '2026-01-06 09:00:00', '2026-01-06 09:00:00', 1, 'Rajesh Sharma',   'rajesh.sharma@wanderlustholidays.in',   '$2a$10$3ABUp2YJz/5frgIVV.Rw9eHqu2Wakv.fBMOD0qett8vs8wwYGMUBO', 'TENANT_ADMIN', '+91-9820011001', TRUE),
                                                                                             (2,  'a0000000-0000-0000-0000-000000000002', 'seed', 'seed', '2026-01-06 09:05:00', '2026-01-06 09:05:00', 1, 'Priya Patel',     'priya.patel@wanderlustholidays.in',     '$2a$10$3ABUp2YJz/5frgIVV.Rw9eHqu2Wakv.fBMOD0qett8vs8wwYGMUBO', 'MANAGER',      '+91-9820011002', TRUE),
                                                                                             (3,  'a0000000-0000-0000-0000-000000000003', 'seed', 'seed', '2026-01-06 09:10:00', '2026-01-06 09:10:00', 1, 'Amit Verma',      'amit.verma@wanderlustholidays.in',      '$2a$10$3ABUp2YJz/5frgIVV.Rw9eHqu2Wakv.fBMOD0qett8vs8wwYGMUBO', 'MANAGER',      '+91-9820011003', TRUE),
                                                                                             (4,  'a0000000-0000-0000-0000-000000000004', 'seed', 'seed', '2026-01-06 09:15:00', '2026-01-06 09:15:00', 1, 'Sneha Iyer',      'sneha.iyer@wanderlustholidays.in',      '$2a$10$3ABUp2YJz/5frgIVV.Rw9eHqu2Wakv.fBMOD0qett8vs8wwYGMUBO', 'AGENT',        '+91-9820011004', TRUE),
                                                                                             (5,  'a0000000-0000-0000-0000-000000000005', 'seed', 'seed', '2026-01-06 09:20:00', '2026-01-06 09:20:00', 1, 'Vikram Singh',    'vikram.singh@wanderlustholidays.in',    '$2a$10$3ABUp2YJz/5frgIVV.Rw9eHqu2Wakv.fBMOD0qett8vs8wwYGMUBO', 'AGENT',        '+91-9820011005', TRUE),
                                                                                             (6,  'a0000000-0000-0000-0000-000000000006', 'seed', 'seed', '2026-01-06 09:25:00', '2026-01-06 09:25:00', 1, 'Anjali Mehta',    'anjali.mehta@wanderlustholidays.in',    '$2a$10$3ABUp2YJz/5frgIVV.Rw9eHqu2Wakv.fBMOD0qett8vs8wwYGMUBO', 'AGENT',        '+91-9820011006', TRUE),
                                                                                             (7,  'a0000000-0000-0000-0000-000000000007', 'seed', 'seed', '2026-01-06 09:30:00', '2026-01-06 09:30:00', 1, 'Rohan Kulkarni',  'rohan.kulkarni@wanderlustholidays.in',  '$2a$10$3ABUp2YJz/5frgIVV.Rw9eHqu2Wakv.fBMOD0qett8vs8wwYGMUBO', 'AGENT',        '+91-9820011007', TRUE),
                                                                                             (8,  'a0000000-0000-0000-0000-000000000008', 'seed', 'seed', '2026-01-06 09:35:00', '2026-01-06 09:35:00', 1, 'Kavita Nair',     'kavita.nair@wanderlustholidays.in',     '$2a$10$3ABUp2YJz/5frgIVV.Rw9eHqu2Wakv.fBMOD0qett8vs8wwYGMUBO', 'AGENT',        '+91-9820011008', TRUE),
                                                                                             (9,  'a0000000-0000-0000-0000-000000000009', 'seed', 'seed', '2026-01-06 09:40:00', '2026-01-06 09:40:00', 1, 'Arjun Reddy',     'arjun.reddy@wanderlustholidays.in',     '$2a$10$3ABUp2YJz/5frgIVV.Rw9eHqu2Wakv.fBMOD0qett8vs8wwYGMUBO', 'AGENT',        '+91-9820011009', TRUE),
                                                                                             (10, 'a0000000-0000-0000-0000-000000000010', 'seed', 'seed', '2026-01-06 09:45:00', '2026-01-06 09:45:00', 1, 'Deepika Joshi',   'deepika.joshi@wanderlustholidays.in',   '$2a$10$3ABUp2YJz/5frgIVV.Rw9eHqu2Wakv.fBMOD0qett8vs8wwYGMUBO', 'AGENT',        '+91-9820011010', FALSE),
                                                                                             (11, 'a0000000-0000-0000-0000-000000000011', 'seed', 'seed', '2026-02-11 10:00:00', '2026-02-11 10:00:00', 2, 'Suresh Menon',    'suresh.menon@namastetravels.in',        '$2a$10$3ABUp2YJz/5frgIVV.Rw9eHqu2Wakv.fBMOD0qett8vs8wwYGMUBO', 'TENANT_ADMIN', '+91-9810022001', TRUE),
                                                                                             (12, 'a0000000-0000-0000-0000-000000000012', 'seed', 'seed', '2026-02-11 10:05:00', '2026-02-11 10:05:00', 2, 'Pooja Agarwal',   'pooja.agarwal@namastetravels.in',       '$2a$10$3ABUp2YJz/5frgIVV.Rw9eHqu2Wakv.fBMOD0qett8vs8wwYGMUBO', 'MANAGER',      '+91-9810022002', TRUE),
                                                                                             (13, 'a0000000-0000-0000-0000-000000000013', 'seed', 'seed', '2026-02-11 10:10:00', '2026-02-11 10:10:00', 2, 'Manish Gupta',    'manish.gupta@namastetravels.in',        '$2a$10$3ABUp2YJz/5frgIVV.Rw9eHqu2Wakv.fBMOD0qett8vs8wwYGMUBO', 'AGENT',        '+91-9810022003', TRUE),
                                                                                             (14, 'a0000000-0000-0000-0000-000000000014', 'seed', 'seed', '2026-02-11 10:15:00', '2026-02-11 10:15:00', 2, 'Neha Desai',      'neha.desai@namastetravels.in',          '$2a$10$3ABUp2YJz/5frgIVV.Rw9eHqu2Wakv.fBMOD0qett8vs8wwYGMUBO', 'AGENT',        '+91-9810022004', TRUE),
                                                                                             (15, 'a0000000-0000-0000-0000-000000000015', 'seed', 'seed', '2026-02-11 10:20:00', '2026-02-11 10:20:00', 2, 'Karan Malhotra',  'karan.malhotra@namastetravels.in',      '$2a$10$3ABUp2YJz/5frgIVV.Rw9eHqu2Wakv.fBMOD0qett8vs8wwYGMUBO', 'AGENT',        '+91-9810022005', TRUE);

-- ============================================================================
-- CITY_MASTER
-- tenant_id = NULL  →  global lookup (visible to ALL tenants)
-- tenant_id = 1/2   →  visible only to that specific tenant
-- ============================================================================
INSERT INTO city_master (city_id, country_name, city_name, airport_code, status, tenant_id, created_at) VALUES
-- Global cities (tenant_id = NULL)
(1,  'India', 'Mumbai',     'BOM', 'ACTIVE', NULL, '2026-01-02 08:00:00'),
(2,  'India', 'New Delhi',  'DEL', 'ACTIVE', NULL, '2026-01-02 08:00:00'),
(3,  'India', 'Bengaluru',  'BLR', 'ACTIVE', NULL, '2026-01-02 08:00:00'),
(4,  'India', 'Chennai',    'MAA', 'ACTIVE', NULL, '2026-01-02 08:00:00'),
(5,  'India', 'Kolkata',    'CCU', 'ACTIVE', NULL, '2026-01-02 08:00:00'),
(6,  'India', 'Hyderabad',  'HYD', 'ACTIVE', NULL, '2026-01-02 08:00:00'),
(7,  'India', 'Goa',        'GOI', 'ACTIVE', NULL, '2026-01-02 08:00:00'),
(8,  'India', 'Jaipur',     'JAI', 'ACTIVE', NULL, '2026-01-02 08:00:00'),
(9,  'India', 'Kochi',      'COK', 'ACTIVE', NULL, '2026-01-02 08:00:00'),
(10, 'India', 'Pune',       'PNQ', 'ACTIVE', NULL, '2026-01-02 08:00:00'),
(11, 'India', 'Ahmedabad',  'AMD', 'ACTIVE', NULL, '2026-01-02 08:00:00'),
(12, 'India', 'Varanasi',   'VNS', 'ACTIVE', NULL, '2026-01-02 08:00:00'),
(13, 'India', 'Amritsar',   'ATQ', 'ACTIVE', NULL, '2026-01-02 08:00:00'),
(14, 'India', 'Srinagar',   'SXR', 'ACTIVE', NULL, '2026-01-02 08:00:00'),
(15, 'India', 'Leh',        'IXL', 'ACTIVE', NULL, '2026-01-02 08:00:00'),
-- Tenant 1 (Wanderlust Holidays) — custom cities
(16, 'India', 'Nashik',     'ISK', 'ACTIVE', 1,    '2026-01-06 09:00:00'),
(17, 'India', 'Aurangabad', 'IXU', 'ACTIVE', 1,    '2026-01-06 09:00:00'),
-- Tenant 2 (Namaste Travels) — custom cities
(18, 'India', 'Dehradun',   'DED', 'ACTIVE', 2,    '2026-02-11 10:00:00'),
(19, 'India', 'Chandigarh', 'IXC', 'ACTIVE', 2,    '2026-02-11 10:00:00');

-- ============================================================================
-- DESTINATION_MASTER (15 — 10 domestic + 5 international)
-- ============================================================================
INSERT INTO destination_master (destination_id, country, name, type, image_path,
                                inclusions, exclusions, payment_policies, cancellation_policies,
                                booking_terms, status, created_at) VALUES
                                                                       (1,  'India',     'Goa Beach Getaway',                  'BEACH',        '/images/destinations/goa.jpg',          'Hotel, Breakfast, Airport transfers, North Goa sightseeing', 'Airfare, Lunch & dinner, Water sports', '50% advance at booking, balance 7 days before travel', 'Free cancellation up to 15 days before travel; 50% thereafter', 'Rates valid for minimum 2 pax travelling together', 'ACTIVE', '2026-01-03 08:00:00'),
                                                                       (2,  'India',     'Kerala Backwaters & Houseboat',      'LEISURE',      '/images/destinations/kerala.jpg',       'Houseboat stay with all meals, Hotel, Transfers, Munnar sightseeing', 'Airfare, Personal expenses, Ayurveda treatments', '50% advance at booking, balance 7 days before travel', 'Free cancellation up to 15 days before travel; 50% thereafter', 'Houseboat check-in 12 noon, check-out 9 AM', 'ACTIVE', '2026-01-03 08:00:00'),
                                                                       (3,  'India',     'Rajasthan Royal Heritage',           'HERITAGE',     '/images/destinations/rajasthan.jpg',    'Hotels, Breakfast, Private car, Monument entry fees, Camel safari', 'Airfare, Lunch & dinner, Camera fees', '30% advance at booking, balance 10 days before travel', 'Free cancellation up to 20 days before travel; 25% thereafter', 'Heritage hotel rooms subject to availability', 'ACTIVE', '2026-01-03 08:00:00'),
                                                                       (4,  'India',     'Kashmir Paradise',                   'HILL_STATION', '/images/destinations/kashmir.jpg',      'Houseboat & hotel stay, Breakfast & dinner, Shikara ride, Gulmarg & Pahalgam tours', 'Airfare, Gondola tickets, Pony rides', '50% advance at booking, balance 7 days before travel', 'Free cancellation up to 15 days before travel; 50% thereafter', 'Itinerary subject to weather conditions', 'ACTIVE', '2026-01-03 08:00:00'),
                                                                       (5,  'India',     'Himachal Adventure (Shimla-Manali)', 'HILL_STATION', '/images/destinations/himachal.jpg',     'Hotels, Breakfast & dinner, Volvo transfers, Solang valley tour', 'Airfare, Adventure activities, Rohtang permit', '40% advance at booking, balance 7 days before travel', 'Free cancellation up to 15 days before travel; 50% thereafter', 'Volvo seats confirmed only after full advance', 'ACTIVE', '2026-01-03 08:00:00'),
                                                                       (6,  'India',     'Andaman Island Escape',              'BEACH',        '/images/destinations/andaman.jpg',      'Hotels, Breakfast, Ferry tickets, Havelock & Neil island tours', 'Airfare, Scuba diving, Personal expenses', '50% advance at booking, balance 10 days before travel', 'Free cancellation up to 20 days before travel; 50% thereafter', 'Ferry schedules subject to sea conditions', 'ACTIVE', '2026-01-03 08:00:00'),
                                                                       (7,  'India',     'Ladakh Road Trip',                   'ADVENTURE',    '/images/destinations/ladakh.jpg',       'Hotels & camps, Breakfast & dinner, Tempo traveller, Inner line permits, Oxygen support', 'Airfare, Lunch, Personal gear', '50% advance at booking, balance 15 days before travel', 'Free cancellation up to 30 days before travel; 50% thereafter', 'Travellers must acclimatise 24h in Leh; medical fitness required', 'ACTIVE', '2026-01-03 08:00:00'),
                                                                       (8,  'India',     'Golden Triangle (Delhi-Agra-Jaipur)','HERITAGE',     '/images/destinations/goldentriangle.jpg','Hotels, Breakfast, Private AC car with driver, Guide at monuments', 'Airfare, Monument entry, Lunch & dinner', '30% advance at booking, balance 7 days before travel', 'Free cancellation up to 15 days before travel; 25% thereafter', 'Taj Mahal closed on Fridays', 'ACTIVE', '2026-01-03 08:00:00'),
                                                                       (9,  'India',     'Coorg Coffee Trails',                'HILL_STATION', '/images/destinations/coorg.jpg',        'Resort stay, Breakfast, Plantation walk, Abbey falls visit', 'Airfare, Jeep safari, Personal expenses', '40% advance at booking, balance 7 days before travel', 'Free cancellation up to 10 days before travel; 50% thereafter', 'Homestay options available on request', 'ACTIVE', '2026-01-03 08:00:00'),
                                                                       (10, 'India',     'Darjeeling & Gangtok Delight',       'HILL_STATION', '/images/destinations/darjeeling.jpg',   'Hotels, Breakfast & dinner, Toy train ride, Tsomgo lake tour', 'Airfare, Nathula pass permit, Cable car', '40% advance at booking, balance 7 days before travel', 'Free cancellation up to 15 days before travel; 50% thereafter', 'Nathula pass visits depend on army permits', 'ACTIVE', '2026-01-03 08:00:00'),
                                                                       (11, 'UAE',       'Dubai City & Desert Safari',         'INTERNATIONAL','/images/destinations/dubai.jpg',        'Hotel, Breakfast, Desert safari with BBQ dinner, Burj Khalifa entry, Dhow cruise', 'Airfare, Visa fees, Lunch, Personal expenses', '50% advance at booking, balance 15 days before travel', 'Non-refundable within 15 days of travel', 'Passport must be valid 6 months from travel date', 'ACTIVE', '2026-01-03 08:00:00'),
                                                                       (12, 'Thailand',  'Bangkok-Pattaya Combo',              'INTERNATIONAL','/images/destinations/thailand.jpg',     'Hotels, Breakfast, Coral island tour, Safari world, Airport transfers', 'Airfare, Visa on arrival fees, Lunch & dinner', '50% advance at booking, balance 15 days before travel', 'Non-refundable within 15 days of travel', 'Visa on arrival requires 10,000 THB equivalent cash', 'ACTIVE', '2026-01-03 08:00:00'),
                                                                       (13, 'Maldives',  'Maldives Honeymoon Special',         'INTERNATIONAL','/images/destinations/maldives.jpg',     'Water villa, All meals, Speedboat transfers, Sunset cruise, Couple spa session', 'Airfare, Scuba diving, Alcohol', '75% advance at booking, balance 30 days before travel', 'Non-refundable within 30 days of travel', 'Honeymoon benefits require marriage certificate within 12 months', 'ACTIVE', '2026-01-03 08:00:00'),
                                                                       (14, 'Singapore', 'Singapore Family Fun',               'INTERNATIONAL','/images/destinations/singapore.jpg',    'Hotel, Breakfast, Universal Studios, Sentosa tour, Night safari, Transfers', 'Airfare, Visa fees, Lunch & dinner', '50% advance at booking, balance 21 days before travel', 'Non-refundable within 21 days of travel', 'Singapore visa processing takes 5-7 working days', 'ACTIVE', '2026-01-03 08:00:00'),
                                                                       (15, 'Indonesia', 'Bali Bliss',                         'INTERNATIONAL','/images/destinations/bali.jpg',         'Villa with private pool, Breakfast, Ubud & Kintamani tours, Airport transfers', 'Airfare, Visa on arrival, Water sports', '50% advance at booking, balance 15 days before travel', 'Non-refundable within 15 days of travel', 'Visa on arrival USD 35 per person payable at Denpasar', 'ACTIVE', '2026-01-03 08:00:00');

-- ============================================================================
-- LEADS (15 — tenant 1: ids 1-8, tenant 2: ids 9-15)
-- ============================================================================
INSERT INTO leads (id, public_id, created_by, updated_by, created_at, updated_at, tenant_id,
                   customer_name, phone, email, lead_source, lead_type, lead_stage, assign_to,
                   birth_date, travel_date, depart_country, depart_city,
                   rooms, adults, children, infants, extra_beds, notes) VALUES
                                                                            (1,  'b0000000-0000-0000-0000-000000000001', 'sneha.iyer@wanderlustholidays.in',   'sneha.iyer@wanderlustholidays.in',   '2026-04-20 10:15:00', '2026-05-08 16:30:00', 1, 'Ramesh Khanna',     '+91-9876500001', 'ramesh.khanna@gmail.com',      'WHATSAPP',     'HOT_LEAD',   'CONVERTED',     'Sneha Iyer',     '1985-03-12', '2026-07-15', 'India', 'Mumbai',    1, 2, 1, 0, 1, 'Wants 4N/5D Goa package with water sports and candle-light dinner.'),
                                                                            (2,  'b0000000-0000-0000-0000-000000000002', 'vikram.singh@wanderlustholidays.in', 'vikram.singh@wanderlustholidays.in', '2026-05-02 11:00:00', '2026-05-18 12:45:00', 1, 'Sunita Rao',        '+91-9876500002', 'sunita.rao@gmail.com',         'WEBSITE',      'WARM_LEAD',  'PROPOSAL_SENT', 'Vikram Singh',   '1978-11-25', '2026-08-02', 'India', 'Bengaluru', 2, 4, 0, 0, 0, 'Family trip to Kerala. Prefers houseboat with veg meals only.'),
                                                                            (3,  'b0000000-0000-0000-0000-000000000003', 'anjali.mehta@wanderlustholidays.in', 'anjali.mehta@wanderlustholidays.in', '2026-05-28 09:30:00', '2026-06-01 10:00:00', 1, 'Farhan Sheikh',     '+91-9876500003', 'farhan.sheikh@outlook.com',    'INSTAGRAM',    'FRESH_LEAD', 'NEW_LEAD',      'Anjali Mehta',   '1992-07-08', '2026-09-10', 'India', 'Mumbai',    1, 2, 0, 0, 0, 'Asked about Dubai shopping festival dates and visa processing time.'),
                                                                            (4,  'b0000000-0000-0000-0000-000000000004', 'sneha.iyer@wanderlustholidays.in',   'sneha.iyer@wanderlustholidays.in',   '2026-05-10 14:20:00', '2026-05-25 17:10:00', 1, 'Meera Krishnan',    '+91-9876500004', 'meera.krishnan@gmail.com',     'REFERRAL',     'HOT_LEAD',   'CONVERTED',     'Sneha Iyer',     '1996-01-30', '2026-07-28', 'India', 'Chennai',   1, 2, 0, 0, 0, 'Honeymoon couple. Water villa mandatory. Budget 2.5L flexible.'),
                                                                            (5,  'b0000000-0000-0000-0000-000000000005', 'rohan.kulkarni@wanderlustholidays.in','rohan.kulkarni@wanderlustholidays.in','2026-05-20 16:45:00','2026-06-03 11:20:00', 1, 'Aditya Bhatt',      '+91-9876500005', 'aditya.bhatt@gmail.com',       'GOOGLE_ADS',   'WARM_LEAD',  'NEGOTIATION',   'Rohan Kulkarni', '1990-09-17', '2026-08-20', 'India', 'Pune',      3, 6, 0, 0, 0, 'Group of 6 bikers for Ladakh. Wants Royal Enfield rentals included.'),
                                                                            (6,  'b0000000-0000-0000-0000-000000000006', 'kavita.nair@wanderlustholidays.in',  'kavita.nair@wanderlustholidays.in',  '2026-04-15 10:00:00', '2026-05-15 09:30:00', 1, 'Lakshmi Pillai',    '+91-9876500006', 'lakshmi.pillai@yahoo.com',     'WALK_IN',      'COLD_LEAD',  'CONTACTED',     'Kavita Nair',    '1965-05-22', '2026-11-05', 'India', 'Kochi',     2, 3, 0, 0, 0, 'Senior citizens group. Rajasthan in winter. Needs wheelchair assistance.'),
                                                                            (7,  'b0000000-0000-0000-0000-000000000007', 'arjun.reddy@wanderlustholidays.in',  'arjun.reddy@wanderlustholidays.in',  '2026-03-25 13:15:00', '2026-04-15 10:45:00', 1, 'Gaurav Saxena',     '+91-9876500007', 'gaurav.saxena@gmail.com',      'FACEBOOK',     'WARM_LEAD',  'PROPOSAL_SENT', 'Arjun Reddy',    '1988-12-03', '2026-06-05', 'India', 'New Delhi', 1, 2, 2, 0, 1, 'Kashmir with kids. Wants shikara stay and Gulmarg gondola.'),
                                                                            (8,  'b0000000-0000-0000-0000-000000000008', 'sneha.iyer@wanderlustholidays.in',   'sneha.iyer@wanderlustholidays.in',   '2026-05-30 15:00:00', '2026-06-05 14:25:00', 1, 'Ritu Chawla',       '+91-9876500008', 'ritu.chawla@gmail.com',        'PHONE_CALL',   'HOT_LEAD',   'CONVERTED',     'Sneha Iyer',     '1982-04-14', '2026-10-12', 'India', 'Mumbai',    2, 2, 2, 1, 0, 'Singapore during Diwali break. Universal Studios is must-do for kids.'),
                                                                            (9,  'b0000000-0000-0000-0000-000000000009', 'manish.gupta@namastetravels.in',     'manish.gupta@namastetravels.in',     '2026-04-10 09:45:00', '2026-05-02 10:30:00', 2, 'Sanjay Dixit',      '+91-9810600001', 'sanjay.dixit@gmail.com',       'WHATSAPP',     'HOT_LEAD',   'CONVERTED',     'Manish Gupta',   '1975-08-19', '2026-06-08', 'India', 'Lucknow',   2, 4, 0, 0, 0, 'Golden Triangle for visiting NRI relatives. Prefers heritage hotels.'),
                                                                            (10, 'b0000000-0000-0000-0000-000000000010', 'neha.desai@namastetravels.in',       'neha.desai@namastetravels.in',       '2026-06-05 11:30:00', '2026-06-07 12:00:00', 2, 'Asha Thomas',       '+91-9810600002', 'asha.thomas@gmail.com',        'WEBSITE',      'FRESH_LEAD', 'NEW_LEAD',      'Neha Desai',     '1993-02-27', '2026-09-01', 'India', 'New Delhi', 1, 2, 0, 0, 0, 'Onam holidays in Kerala. Asked for Athirappilly waterfalls add-on.'),
                                                                            (11, 'b0000000-0000-0000-0000-000000000011', 'karan.malhotra@namastetravels.in',   'karan.malhotra@namastetravels.in',   '2026-05-15 14:00:00', '2026-06-02 15:30:00', 2, 'Nikhil Jain',       '+91-9810600003', 'nikhil.jain@gmail.com',        'EMAIL',        'WARM_LEAD',  'CONTACTED',     'Karan Malhotra', '1991-06-11', '2026-08-18', 'India', 'New Delhi', 1, 2, 0, 0, 0, 'Bali anniversary trip. Private pool villa, vegetarian-friendly resort.'),
                                                                            (12, 'b0000000-0000-0000-0000-000000000012', 'manish.gupta@namastetravels.in',     'manish.gupta@namastetravels.in',     '2026-05-08 10:20:00', '2026-05-20 11:15:00', 2, 'Divya Subramanian', '+91-9810600004', 'divya.subramanian@gmail.com',  'SOCIAL_MEDIA', 'WARM_LEAD',  'NEGOTIATION',   'Manish Gupta',   '1987-10-05', '2026-07-22', 'India', 'Chennai',   1, 2, 1, 0, 1, 'Andaman with 8-year-old. Scuba for adults, glass-bottom boat for kid.'),
                                                                            (13, 'b0000000-0000-0000-0000-000000000013', 'neha.desai@namastetravels.in',       'neha.desai@namastetravels.in',       '2026-03-30 16:10:00', '2026-04-28 09:50:00', 2, 'Imran Qureshi',     '+91-9810600005', 'imran.qureshi@gmail.com',      'REFERRAL',     'HOT_LEAD',   'CONVERTED',     'Neha Desai',     '1983-01-09', '2026-06-03', 'India', 'New Delhi', 2, 4, 1, 0, 0, 'Bangkok-Pattaya with college friends. Coral island tour requested.'),
                                                                            (14, 'b0000000-0000-0000-0000-000000000014', 'karan.malhotra@namastetravels.in',   'karan.malhotra@namastetravels.in',   '2026-04-25 12:40:00', '2026-05-15 13:20:00', 2, 'Swati Kelkar',      '+91-9810600006', 'swati.kelkar@gmail.com',       'GOOGLE_ADS',   'COLD_LEAD',  'LOST',          'Karan Malhotra', '1995-12-21', '2026-07-10', 'India', 'Pune',      1, 2, 0, 0, 0, 'Wanted Shimla-Manali under 50k for 2. Went with a competitor on price.'),
                                                                            (15, 'b0000000-0000-0000-0000-000000000015', 'manish.gupta@namastetravels.in',     'manish.gupta@namastetravels.in',     '2026-06-01 09:00:00', '2026-06-08 10:10:00', 2, 'Harpreet Bedi',     '+91-9810600007', 'harpreet.bedi@gmail.com',      'WALK_IN',      'FRESH_LEAD', 'CONTACTED',     'Manish Gupta',   '1980-07-28', '2026-08-25', 'India', 'Amritsar',  2, 5, 0, 0, 1, 'Kashmir family trip after Amritsar darshan. Wants Vaishno Devi add-on.');

-- ============================================================================
-- LEAD_SERVICES (15 — element collection, one row per (lead, service))
-- ============================================================================
INSERT INTO lead_services (lead_id, service) VALUES
                                                 (1,  'Hotel'),
                                                 (1,  'Sightseeing'),
                                                 (2,  'Hotel'),
                                                 (3,  'Visa'),
                                                 (3,  'Flight'),
                                                 (4,  'Flight'),
                                                 (4,  'Hotel'),
                                                 (5,  'Bike Rental'),
                                                 (6,  'Hotel'),
                                                 (7,  'Hotel'),
                                                 (8,  'Visa'),
                                                 (9,  'Hotel'),
                                                 (11, 'Visa'),
                                                 (12, 'Ferry Tickets'),
                                                 (13, 'Visa');

-- ============================================================================
-- LEAD_ITINERARY (15 — one or more days per lead)
-- ============================================================================
INSERT INTO lead_itinerary (id, public_id, created_by, updated_by, created_at, updated_at,
                            lead_id, destination, city, nights, day_number) VALUES
                                                                                (1,  'c0000000-0000-0000-0000-000000000001', 'seed', 'seed', '2026-05-08 16:30:00', '2026-05-08 16:30:00', 1,  'Goa',               'Calangute',  4, 1),
                                                                                (2,  'c0000000-0000-0000-0000-000000000002', 'seed', 'seed', '2026-05-18 12:45:00', '2026-05-18 12:45:00', 2,  'Kerala',            'Munnar',     2, 1),
                                                                                (3,  'c0000000-0000-0000-0000-000000000003', 'seed', 'seed', '2026-05-18 12:45:00', '2026-05-18 12:45:00', 2,  'Kerala',            'Alleppey',   2, 3),
                                                                                (4,  'c0000000-0000-0000-0000-000000000004', 'seed', 'seed', '2026-06-01 10:00:00', '2026-06-01 10:00:00', 3,  'Dubai',             'Dubai',      5, 1),
                                                                                (5,  'c0000000-0000-0000-0000-000000000005', 'seed', 'seed', '2026-05-25 17:10:00', '2026-05-25 17:10:00', 4,  'Maldives',          'Male',       4, 1),
                                                                                (6,  'c0000000-0000-0000-0000-000000000006', 'seed', 'seed', '2026-06-03 11:20:00', '2026-06-03 11:20:00', 5,  'Ladakh',            'Leh',        3, 1),
                                                                                (7,  'c0000000-0000-0000-0000-000000000007', 'seed', 'seed', '2026-06-03 11:20:00', '2026-06-03 11:20:00', 5,  'Ladakh',            'Nubra',      2, 4),
                                                                                (8,  'c0000000-0000-0000-0000-000000000008', 'seed', 'seed', '2026-05-15 09:30:00', '2026-05-15 09:30:00', 6,  'Rajasthan',         'Jaipur',     3, 1),
                                                                                (9,  'c0000000-0000-0000-0000-000000000009', 'seed', 'seed', '2026-05-15 09:30:00', '2026-05-15 09:30:00', 6,  'Rajasthan',         'Udaipur',    2, 4),
                                                                                (10, 'c0000000-0000-0000-0000-000000000010', 'seed', 'seed', '2026-04-15 10:45:00', '2026-04-15 10:45:00', 7,  'Kashmir',           'Srinagar',   3, 1),
                                                                                (11, 'c0000000-0000-0000-0000-000000000011', 'seed', 'seed', '2026-06-05 14:25:00', '2026-06-05 14:25:00', 8,  'Singapore',         'Singapore',  5, 1),
                                                                                (12, 'c0000000-0000-0000-0000-000000000012', 'seed', 'seed', '2026-05-02 10:30:00', '2026-05-02 10:30:00', 9,  'Delhi-Agra-Jaipur', 'New Delhi',  2, 1),
                                                                                (13, 'c0000000-0000-0000-0000-000000000013', 'seed', 'seed', '2026-06-07 12:00:00', '2026-06-07 12:00:00', 10, 'Kerala',            'Kochi',      3, 1),
                                                                                (14, 'c0000000-0000-0000-0000-000000000014', 'seed', 'seed', '2026-06-02 15:30:00', '2026-06-02 15:30:00', 11, 'Bali',              'Ubud',       4, 1),
                                                                                (15, 'c0000000-0000-0000-0000-000000000015', 'seed', 'seed', '2026-05-20 11:15:00', '2026-05-20 11:15:00', 12, 'Andaman',           'Port Blair', 4, 1);

-- ============================================================================
-- BOOKINGS (15 — tenant 1: ids 1-8 (WH-…), tenant 2: ids 9-15 (NT-…))
-- customer_id points at the originating lead (no customers table exists yet).
-- Amount rule: total_payable = customer_amount + gst + tcs;
--              net_profit   = customer_amount - vendor_cost.
-- ============================================================================
INSERT INTO bookings (id, public_id, created_by, updated_by, created_at, updated_at, tenant_id,
                      booking_code, customer_id, customer_name_snapshot, destination_id, destination_snapshot,
                      lead_id, customer_amount, vendor_cost, gst, tcs, total_payable, paid_amount, net_profit,
                      status, payment_status, booking_date, travel_date, active) VALUES
                                                                                     (1,  'd0000000-0000-0000-0000-000000000001', 'sneha.iyer@wanderlustholidays.in',   'sneha.iyer@wanderlustholidays.in',   '2026-05-10 11:00:00', '2026-05-10 11:00:00', 1, 'WH-2026-0001', 1,  'Ramesh Khanna',     1,  'Goa Beach Getaway',                   1,  85000.00,  70000.00,  4250.00,  0.00,     89250.00,  89250.00,  15000.00, 'CONFIRMED', 'PAID',    '2026-05-10', '2026-07-15', TRUE),
                                                                                     (2,  'd0000000-0000-0000-0000-000000000002', 'vikram.singh@wanderlustholidays.in', 'vikram.singh@wanderlustholidays.in', '2026-05-18 13:00:00', '2026-06-01 10:00:00', 1, 'WH-2026-0002', 2,  'Sunita Rao',        2,  'Kerala Backwaters & Houseboat',       2,  65000.00,  52000.00,  3250.00,  0.00,     68250.00,  30000.00,  13000.00, 'CONFIRMED', 'PARTIAL', '2026-05-18', '2026-08-02', TRUE),
                                                                                     (3,  'd0000000-0000-0000-0000-000000000003', 'anjali.mehta@wanderlustholidays.in', 'anjali.mehta@wanderlustholidays.in', '2026-06-01 12:00:00', '2026-06-01 12:00:00', 1, 'WH-2026-0003', 3,  'Farhan Sheikh',     11, 'Dubai City & Desert Safari',          3,  145000.00, 120000.00, 7250.00,  7250.00,  159500.00, 0.00,      25000.00, 'PENDING',   'UNPAID',  '2026-06-01', '2026-09-10', TRUE),
                                                                                     (4,  'd0000000-0000-0000-0000-000000000004', 'sneha.iyer@wanderlustholidays.in',   'sneha.iyer@wanderlustholidays.in',   '2026-05-25 18:00:00', '2026-05-28 10:00:00', 1, 'WH-2026-0004', 4,  'Meera Krishnan',    13, 'Maldives Honeymoon Special',          4,  230000.00, 190000.00, 11500.00, 11500.00, 253000.00, 253000.00, 40000.00, 'CONFIRMED', 'PAID',    '2026-05-25', '2026-07-28', TRUE),
                                                                                     (5,  'd0000000-0000-0000-0000-000000000005', 'rohan.kulkarni@wanderlustholidays.in','rohan.kulkarni@wanderlustholidays.in','2026-06-03 12:00:00','2026-06-05 09:00:00', 1, 'WH-2026-0005', 5,  'Aditya Bhatt',      7,  'Ladakh Road Trip',                    5,  95000.00,  78000.00,  4750.00,  0.00,     99750.00,  50000.00,  17000.00, 'CONFIRMED', 'PARTIAL', '2026-06-03', '2026-08-20', TRUE),
                                                                                     (6,  'd0000000-0000-0000-0000-000000000006', 'kavita.nair@wanderlustholidays.in',  'kavita.nair@wanderlustholidays.in',  '2026-05-15 10:00:00', '2026-06-02 14:00:00', 1, 'WH-2026-0006', 6,  'Lakshmi Pillai',    3,  'Rajasthan Royal Heritage',            6,  110000.00, 92000.00,  5500.00,  0.00,     115500.00, 0.00,      18000.00, 'CANCELLED', 'UNPAID',  '2026-05-15', '2026-11-05', FALSE),
                                                                                     (7,  'd0000000-0000-0000-0000-000000000007', 'arjun.reddy@wanderlustholidays.in',  'arjun.reddy@wanderlustholidays.in',  '2026-04-15 11:30:00', '2026-06-06 16:00:00', 1, 'WH-2026-0007', 7,  'Gaurav Saxena',     4,  'Kashmir Paradise',                    7,  88000.00,  72000.00,  4400.00,  0.00,     92400.00,  92400.00,  16000.00, 'COMPLETED', 'PAID',    '2026-04-15', '2026-06-05', TRUE),
                                                                                     (8,  'd0000000-0000-0000-0000-000000000008', 'sneha.iyer@wanderlustholidays.in',   'sneha.iyer@wanderlustholidays.in',   '2026-06-05 15:30:00', '2026-06-05 15:30:00', 1, 'WH-2026-0008', 8,  'Ritu Chawla',       14, 'Singapore Family Fun',                8,  185000.00, 155000.00, 9250.00,  9250.00,  203500.00, 100000.00, 30000.00, 'CONFIRMED', 'PARTIAL', '2026-06-05', '2026-10-12', TRUE),
                                                                                     (9,  'd0000000-0000-0000-0000-000000000009', 'manish.gupta@namastetravels.in',     'manish.gupta@namastetravels.in',     '2026-05-02 11:00:00', '2026-06-09 10:00:00', 2, 'NT-2026-0001', 9,  'Sanjay Dixit',      8,  'Golden Triangle (Delhi-Agra-Jaipur)', 9,  72000.00,  60000.00,  3600.00,  0.00,     75600.00,  75600.00,  12000.00, 'COMPLETED', 'PAID',    '2026-05-02', '2026-06-08', TRUE),
                                                                                     (10, 'd0000000-0000-0000-0000-000000000010', 'neha.desai@namastetravels.in',       'neha.desai@namastetravels.in',       '2026-06-07 12:30:00', '2026-06-07 12:30:00', 2, 'NT-2026-0002', 10, 'Asha Thomas',       2,  'Kerala Backwaters & Houseboat',       10, 58000.00,  47000.00,  2900.00,  0.00,     60900.00,  0.00,      11000.00, 'PENDING',   'UNPAID',  '2026-06-07', '2026-09-01', TRUE),
                                                                                     (11, 'd0000000-0000-0000-0000-000000000011', 'karan.malhotra@namastetravels.in',   'karan.malhotra@namastetravels.in',   '2026-06-02 16:00:00', '2026-06-04 11:00:00', 2, 'NT-2026-0003', 11, 'Nikhil Jain',       15, 'Bali Bliss',                          11, 135000.00, 112000.00, 6750.00,  6750.00,  148500.00, 70000.00,  23000.00, 'CONFIRMED', 'PARTIAL', '2026-06-02', '2026-08-18', TRUE),
                                                                                     (12, 'd0000000-0000-0000-0000-000000000012', 'manish.gupta@namastetravels.in',     'manish.gupta@namastetravels.in',     '2026-05-20 12:00:00', '2026-05-22 09:30:00', 2, 'NT-2026-0004', 12, 'Divya Subramanian', 6,  'Andaman Island Escape',               12, 98000.00,  80000.00,  4900.00,  0.00,     102900.00, 102900.00, 18000.00, 'CONFIRMED', 'PAID',    '2026-05-20', '2026-07-22', TRUE),
                                                                                     (13, 'd0000000-0000-0000-0000-000000000013', 'neha.desai@namastetravels.in',       'neha.desai@namastetravels.in',       '2026-04-28 10:30:00', '2026-06-04 17:00:00', 2, 'NT-2026-0005', 13, 'Imran Qureshi',     12, 'Bangkok-Pattaya Combo',               13, 89000.00,  72000.00,  4450.00,  4450.00,  97900.00,  97900.00,  17000.00, 'COMPLETED', 'PAID',    '2026-04-28', '2026-06-03', TRUE),
                                                                                     (14, 'd0000000-0000-0000-0000-000000000014', 'karan.malhotra@namastetravels.in',   'karan.malhotra@namastetravels.in',   '2026-05-15 14:00:00', '2026-05-30 10:00:00', 2, 'NT-2026-0006', 14, 'Swati Kelkar',      5,  'Himachal Adventure (Shimla-Manali)',  14, 67000.00,  55000.00,  3350.00,  0.00,     70350.00,  0.00,      12000.00, 'CANCELLED', 'UNPAID',  '2026-05-15', '2026-07-10', TRUE),
                                                                                     (15, 'd0000000-0000-0000-0000-000000000015', 'manish.gupta@namastetravels.in',     'manish.gupta@namastetravels.in',     '2026-06-08 11:00:00', '2026-06-08 11:00:00', 2, 'NT-2026-0007', 15, 'Harpreet Bedi',     4,  'Kashmir Paradise',                    15, 91000.00,  75000.00,  4550.00,  0.00,     95550.00,  45000.00,  16000.00, 'PENDING',   'PARTIAL', '2026-06-08', '2026-08-25', TRUE);

-- ============================================================================
-- BOOKING_SERVICES (15 — element collection)
-- ============================================================================
INSERT INTO booking_services (booking_id, service_name) VALUES
                                                            (1,  'Hotel'),
                                                            (1,  'Water Sports'),
                                                            (2,  'Houseboat'),
                                                            (3,  'Visa'),
                                                            (3,  'Desert Safari'),
                                                            (4,  'Water Villa'),
                                                            (4,  'Couple Spa'),
                                                            (5,  'Bike Rental'),
                                                            (6,  'Hotel'),
                                                            (7,  'Shikara Ride'),
                                                            (8,  'Universal Studios Tickets'),
                                                            (9,  'Private Car'),
                                                            (11, 'Visa On Arrival Assistance'),
                                                            (12, 'Ferry Tickets'),
                                                            (13, 'Coral Island Tour');

-- ============================================================================
-- NOTIFICATIONS (15 — recipients belong to the same tenant as the reference)
-- -- ============================================================================
-- INSERT INTO notifications (id, public_id, created_by, updated_by, created_at, updated_at, tenant_id,
--                            recipient_user_id, type, title, message, status, reference_type, reference_public_id, read_at) VALUES
--                                                                                                                               (1,  'e0000000-0000-0000-0000-000000000001', 'system', 'system', '2026-05-10 11:01:00', '2026-05-10 11:01:00', 1, 1,  'BOOKING_CONFIRMED',  'Booking WH-2026-0001 confirmed',        'Goa Beach Getaway for Ramesh Khanna is confirmed. Travel on 15 Jul 2026.',          'READ',   'BOOKING', 'd0000000-0000-0000-0000-000000000001', '2026-05-10 06:30:00+00'),
--                                                                                                                               (2,  'e0000000-0000-0000-0000-000000000002', 'system', 'system', '2026-05-28 09:31:00', '2026-05-28 09:31:00', 1, 6,  'LEAD_CREATED',       'New lead: Farhan Sheikh',               'Instagram lead asking about Dubai City & Desert Safari.',                            'READ',   'LEAD',    'b0000000-0000-0000-0000-000000000003', '2026-05-28 05:15:00+00'),
--                                                                                                                               (3,  'e0000000-0000-0000-0000-000000000003', 'system', 'system', '2026-05-25 18:01:00', '2026-05-25 18:01:00', 1, 4,  'PAYMENT_RECEIVED',   'Full payment received — WH-2026-0004',  'INR 2,53,000 received for Maldives Honeymoon Special.',                              'READ',   'BOOKING', 'd0000000-0000-0000-0000-000000000004', '2026-05-26 04:00:00+00'),
--                                                                                                                               (4,  'e0000000-0000-0000-0000-000000000004', 'system', 'system', '2026-06-03 11:21:00', '2026-06-03 11:21:00', 1, 7,  'LEAD_STAGE_CHANGED', 'Aditya Bhatt moved to Negotiation',     'Ladakh group lead is negotiating on bike rental pricing.',                           'UNREAD', 'LEAD',    'b0000000-0000-0000-0000-000000000005', NULL),
--                                                                                                                               (5,  'e0000000-0000-0000-0000-000000000005', 'system', 'system', '2026-06-02 14:01:00', '2026-06-02 14:01:00', 1, 8,  'BOOKING_CANCELLED',  'Booking WH-2026-0006 cancelled',        'Rajasthan Royal Heritage for Lakshmi Pillai was cancelled before advance payment.',  'UNREAD', 'BOOKING', 'd0000000-0000-0000-0000-000000000006', NULL),
--                                                                                                                               (6,  'e0000000-0000-0000-0000-000000000006', 'system', 'system', '2026-06-06 16:01:00', '2026-06-06 16:01:00', 1, 9,  'BOOKING_COMPLETED',  'Trip completed — WH-2026-0007',         'Kashmir Paradise trip for Gaurav Saxena completed. Request a review.',               'UNREAD', 'BOOKING', 'd0000000-0000-0000-0000-000000000007', NULL),
--                                                                                                                               (7,  'e0000000-0000-0000-0000-000000000007', 'system', 'system', '2026-06-05 15:31:00', '2026-06-05 15:31:00', 1, 2,  'PAYMENT_RECEIVED',   'Advance received — WH-2026-0008',       'INR 1,00,000 advance received for Singapore Family Fun.',                            'UNREAD', 'BOOKING', 'd0000000-0000-0000-0000-000000000008', NULL),
--                                                                                                                               (8,  'e0000000-0000-0000-0000-000000000008', 'system', 'system', '2026-06-01 12:01:00', '2026-06-01 12:01:00', 1, 3,  'PAYMENT_OVERDUE',    'Payment pending — WH-2026-0003',        'Dubai booking for Farhan Sheikh has no payment yet. Follow up before 15 Jun.',       'UNREAD', 'BOOKING', 'd0000000-0000-0000-0000-000000000003', NULL),
--                                                                                                                               (9,  'e0000000-0000-0000-0000-000000000009', 'system', 'system', '2026-05-08 16:31:00', '2026-05-08 16:31:00', 1, 4,  'LEAD_CONVERTED',     'Lead converted: Ramesh Khanna',         'Goa lead converted to booking WH-2026-0001.',                                        'READ',   'LEAD',    'b0000000-0000-0000-0000-000000000001', '2026-05-09 03:45:00+00'),
--                                                                                                                               (10, 'e0000000-0000-0000-0000-000000000010', 'system', 'system', '2026-06-07 12:31:00', '2026-06-07 12:31:00', 2, 14, 'LEAD_CREATED',       'New lead: Asha Thomas',                 'Website lead asking about Kerala Backwaters for Onam.',                              'UNREAD', 'LEAD',    'b0000000-0000-0000-0000-000000000010', NULL),
--                                                                                                                               (11, 'e0000000-0000-0000-0000-000000000011', 'system', 'system', '2026-06-09 10:01:00', '2026-06-09 10:01:00', 2, 13, 'BOOKING_COMPLETED',  'Trip completed — NT-2026-0001',         'Golden Triangle trip for Sanjay Dixit completed.',                                   'UNREAD', 'BOOKING', 'd0000000-0000-0000-0000-000000000009', NULL),
--                                                                                                                               (12, 'e0000000-0000-0000-0000-000000000012', 'system', 'system', '2026-06-04 11:01:00', '2026-06-04 11:01:00', 2, 15, 'PAYMENT_RECEIVED',   'Advance received — NT-2026-0003',       'INR 70,000 advance received for Bali Bliss.',                                        'READ',   'BOOKING', 'd0000000-0000-0000-0000-000000000011', '2026-06-04 06:30:00+00'),
--                                                                                                                               (13, 'e0000000-0000-0000-0000-000000000013', 'system', 'system', '2026-05-30 10:01:00', '2026-05-30 10:01:00', 2, 12, 'BOOKING_CANCELLED',  'Booking NT-2026-0006 cancelled',        'Himachal booking for Swati Kelkar cancelled — lost to competitor.',                  'READ',   'BOOKING', 'd0000000-0000-0000-0000-000000000014', '2026-05-30 05:10:00+00'),
--                                                                                                                               (14, 'e0000000-0000-0000-0000-000000000014', 'system', 'system', '2026-06-08 11:01:00', '2026-06-08 11:01:00', 2, 13, 'PAYMENT_RECEIVED',   'Advance received — NT-2026-0007',       'INR 45,000 advance received for Kashmir Paradise.',                                  'UNREAD', 'BOOKING', 'd0000000-0000-0000-0000-000000000015', NULL),
--                                                                                                                               (15, 'e0000000-0000-0000-0000-000000000015', 'system', 'system', '2026-06-08 10:11:00', '2026-06-08 10:11:00', 2, 11, 'LEAD_CREATED',       'New lead: Harpreet Bedi',               'Walk-in lead for Kashmir family trip with Vaishno Devi add-on.',                     'UNREAD', 'LEAD',    'b0000000-0000-0000-0000-000000000015', NULL);

-- ============================================================================
-- REMINDERS (15 — owners belong to the same tenant as the referenced lead/booking)
-- ============================================================================
INSERT INTO reminders (id, public_id, created_by, updated_by, created_at, updated_at, tenant_id,
                       owner_user_id, title, notes, remind_at, status, snoozed_until, reference_type, reference_public_id) VALUES
                                                                                                                               (1,  'f0000000-0000-0000-0000-000000000001', 'sneha.iyer@wanderlustholidays.in',   'sneha.iyer@wanderlustholidays.in',   '2026-06-01 10:00:00', '2026-06-01 10:00:00', 1, 4,  'Share Goa voucher with Ramesh Khanna',      'Hotel and water-sports vouchers to be emailed 30 days before travel.',  '2026-06-15 04:30:00+00', 'PENDING',  NULL,                     'BOOKING', 'd0000000-0000-0000-0000-000000000001'),
                                                                                                                               (2,  'f0000000-0000-0000-0000-000000000002', 'vikram.singh@wanderlustholidays.in', 'vikram.singh@wanderlustholidays.in', '2026-06-02 09:30:00', '2026-06-02 09:30:00', 1, 5,  'Collect balance from Sunita Rao',           'INR 38,250 pending. Balance due 7 days before 2 Aug travel.',           '2026-07-20 04:30:00+00', 'PENDING',  NULL,                     'BOOKING', 'd0000000-0000-0000-0000-000000000002'),
                                                                                                                               (3,  'f0000000-0000-0000-0000-000000000003', 'anjali.mehta@wanderlustholidays.in', 'anjali.mehta@wanderlustholidays.in', '2026-06-02 11:00:00', '2026-06-04 09:00:00', 1, 6,  'Call Farhan Sheikh about Dubai proposal',   'Asked to call back after Eid. Wants visa timeline first.',              '2026-06-10 05:30:00+00', 'SNOOZED',  '2026-06-14 05:30:00+00', 'LEAD',    'b0000000-0000-0000-0000-000000000003'),
                                                                                                                               (4,  'f0000000-0000-0000-0000-000000000004', 'sneha.iyer@wanderlustholidays.in',   'sneha.iyer@wanderlustholidays.in',   '2026-05-26 10:00:00', '2026-05-26 10:00:00', 1, 4,  'Send Maldives flight options to Meera',     'Honeymoon couple prefers morning departure from Chennai.',              '2026-06-20 04:30:00+00', 'PENDING',  NULL,                     'BOOKING', 'd0000000-0000-0000-0000-000000000004'),
                                                                                                                               (5,  'f0000000-0000-0000-0000-000000000005', 'rohan.kulkarni@wanderlustholidays.in','rohan.kulkarni@wanderlustholidays.in','2026-06-05 09:00:00','2026-06-05 09:00:00', 1, 7,  'Finalise bike rentals for Ladakh group',    'Negotiate Royal Enfield Himalayan rate with Leh vendor.',               '2026-06-12 04:30:00+00', 'PENDING',  NULL,                     'LEAD',    'b0000000-0000-0000-0000-000000000005'),
                                                                                                                               (6,  'f0000000-0000-0000-0000-000000000006', 'kavita.nair@wanderlustholidays.in',  'kavita.nair@wanderlustholidays.in',  '2026-05-16 10:00:00', '2026-06-02 14:05:00', 1, 8,  'Re-engage Lakshmi Pillai for winter dates', 'Cancelled Nov trip; check interest for Dec heritage tour.',             '2026-09-01 04:30:00+00', 'PENDING',  NULL,                     'LEAD',    'b0000000-0000-0000-0000-000000000006'),
                                                                                                                               (7,  'f0000000-0000-0000-0000-000000000007', 'arjun.reddy@wanderlustholidays.in',  'arjun.reddy@wanderlustholidays.in',  '2026-06-06 16:05:00', '2026-06-07 09:00:00', 1, 9,  'Collect review from Gaurav Saxena',         'Trip completed 5 Jun. Ask for Google review and referral.',             '2026-06-09 04:30:00+00', 'SENT',     NULL,                     'BOOKING', 'd0000000-0000-0000-0000-000000000007'),
                                                                                                                               (8,  'f0000000-0000-0000-0000-000000000008', 'sneha.iyer@wanderlustholidays.in',   'sneha.iyer@wanderlustholidays.in',   '2026-06-05 15:35:00', '2026-06-05 15:35:00', 1, 4,  'Start Singapore visa for Chawla family',    'Collect passports; processing takes 5-7 working days.',                 '2026-08-25 04:30:00+00', 'PENDING',  NULL,                     'BOOKING', 'd0000000-0000-0000-0000-000000000008'),
                                                                                                                               (9,  'f0000000-0000-0000-0000-000000000009', 'rajesh.sharma@wanderlustholidays.in','rajesh.sharma@wanderlustholidays.in','2026-06-01 09:00:00', '2026-06-01 09:00:00', 1, 1,  'Review June sales pipeline',                'Monthly review with Priya and Amit on lead conversion.',                '2026-06-30 04:30:00+00', 'PENDING',  NULL,                     NULL,      NULL),
                                                                                                                               (10, 'f0000000-0000-0000-0000-000000000010', 'manish.gupta@namastetravels.in',     'manish.gupta@namastetravels.in',     '2026-06-09 10:05:00', '2026-06-09 10:05:00', 2, 13, 'Collect review from Sanjay Dixit',          'Golden Triangle trip done 8 Jun. WhatsApp feedback form.',              '2026-06-11 04:30:00+00', 'PENDING',  NULL,                     'BOOKING', 'd0000000-0000-0000-0000-000000000009'),
                                                                                                                               (11, 'f0000000-0000-0000-0000-000000000011', 'neha.desai@namastetravels.in',       'neha.desai@namastetravels.in',       '2026-06-07 12:35:00', '2026-06-07 12:35:00', 2, 14, 'Send Kerala quotation to Asha Thomas',      'Include Athirappilly waterfalls day trip as optional add-on.',          '2026-06-12 04:30:00+00', 'PENDING',  NULL,                     'LEAD',    'b0000000-0000-0000-0000-000000000010'),
                                                                                                                               (12, 'f0000000-0000-0000-0000-000000000012', 'karan.malhotra@namastetravels.in',   'karan.malhotra@namastetravels.in',   '2026-06-04 11:05:00', '2026-06-04 11:05:00', 2, 15, 'Collect Bali balance from Nikhil Jain',     'INR 78,500 pending. Balance due 15 days before 18 Aug travel.',         '2026-08-01 04:30:00+00', 'PENDING',  NULL,                     'BOOKING', 'd0000000-0000-0000-0000-000000000011'),
                                                                                                                               (13, 'f0000000-0000-0000-0000-000000000013', 'manish.gupta@namastetravels.in',     'manish.gupta@namastetravels.in',     '2026-05-22 09:35:00', '2026-05-22 09:35:00', 2, 13, 'Book glass-bottom boat for Divya''s kid',   'Confirm slot at North Bay for 24 Jul; child is 8 years old.',           '2026-07-10 04:30:00+00', 'PENDING',  NULL,                     'BOOKING', 'd0000000-0000-0000-0000-000000000012'),
                                                                                                                               (14, 'f0000000-0000-0000-0000-000000000014', 'neha.desai@namastetravels.in',       'neha.desai@namastetravels.in',       '2026-06-04 17:05:00', '2026-06-08 09:00:00', 2, 14, 'Share Thailand trip photos with Imran',     'Group photos from Coral island; good content for Instagram page.',      '2026-06-08 04:30:00+00', 'SENT',     NULL,                     'BOOKING', 'd0000000-0000-0000-0000-000000000013'),
                                                                                                                               (15, 'f0000000-0000-0000-0000-000000000015', 'suresh.menon@namastetravels.in',     'suresh.menon@namastetravels.in',     '2026-06-08 10:15:00', '2026-06-08 10:15:00', 2, 11, 'Prepare Kashmir + Vaishno Devi combo',      'Harpreet Bedi wants combined itinerary; price both options.',           '2026-06-13 04:30:00+00', 'PENDING',  NULL,                     'LEAD',    'b0000000-0000-0000-0000-000000000015');

-- ============================================================================
-- RE-SYNC IDENTITY SEQUENCES
-- Explicit ids were inserted above; without this, the next runtime INSERT
-- would draw id=1 from the identity sequence and hit a duplicate key error.
-- ============================================================================
SELECT setval(pg_get_serial_sequence('super_admins',       'id'),             (SELECT MAX(id)             FROM super_admins));
SELECT setval(pg_get_serial_sequence('tenants',            'id'),             (SELECT MAX(id)             FROM tenants));
SELECT setval(pg_get_serial_sequence('users',              'id'),             (SELECT MAX(id)             FROM users));
SELECT setval(pg_get_serial_sequence('city_master',        'city_id'),        (SELECT MAX(city_id)        FROM city_master));
SELECT setval(pg_get_serial_sequence('destination_master', 'destination_id'), (SELECT MAX(destination_id) FROM destination_master));
SELECT setval(pg_get_serial_sequence('leads',              'id'),             (SELECT MAX(id)             FROM leads));
SELECT setval(pg_get_serial_sequence('lead_itinerary',     'id'),             (SELECT MAX(id)             FROM lead_itinerary));
SELECT setval(pg_get_serial_sequence('bookings',           'id'),             (SELECT MAX(id)             FROM bookings));
SELECT setval(pg_get_serial_sequence('notifications',      'id'),             (SELECT MAX(id)             FROM notifications));
SELECT setval(pg_get_serial_sequence('reminders',          'id'),             (SELECT MAX(id)             FROM reminders));